Date,ErrorId,ErrorMessage,InnerException
"9/4/2025 5:51:41 PM","7f0c926c-8d32-4d62-bd0a-fe68e3968be1","Unable to resolve service for type 'FaysalFundsWrapper.Interfaces.IOtpService' while attempting to activate 'FaysalFundsWrapper.Controllers.OTPController'.",""
"9/4/2025 5:56:21 PM","2f482bc6-7485-40ba-b901-47b8a3442478","Response status code does not indicate success: 400 (Bad Request).",""
"9/4/2025 6:00:01 PM","039df379-e791-47df-956c-ce1b308ecf4e","Response status code does not indicate success: 400 (Bad Request).",""
"9/4/2025 6:02:41 PM","d6baa74f-4de1-404b-9fa9-779ac72f9d55","Response status code does not indicate success: 400 (Bad Request).",""
"10/4/2025 10:55:19 AM","72f3b024-fff3-4929-b35f-b9f4947fb441","Response status code does not indicate success: 409 (Conflict).",""
"10/4/2025 11:02:03 AM","be8594ce-5899-4d9e-8867-d6648241a165","Response status code does not indicate success: 409 (Conflict).",""
"10/4/2025 11:02:26 AM","f97b043e-7009-4ef7-85de-01f0c5247d1c","Response status code does not indicate success: 409 (Conflict).",""
"10/4/2025 11:04:12 AM","6d1e684b-7f63-4f94-9b4e-bf3adb0add1b","Response status code does not indicate success: 409 (Conflict).",""
"10/4/2025 11:05:37 AM","56bdc469-c3ae-4602-8cf7-a40be14fee35","Response status code does not indicate success: 409 (Conflict).",""
"10/4/2025 11:07:31 AM","0e862ccf-e6e6-4974-8857-9188caeea779","Response status code does not indicate success: 409 (Conflict).",""
"10/4/2025 11:23:09 AM","274bf56b-e3ca-48b4-95e7-952bd641b5d7","Response status code does not indicate success: 500 (Internal Server Error).",""
"10/4/2025 11:25:05 AM","cc6e7359-0dda-4e0e-bffc-aee6617560ed","Response status code does not indicate success: 500 (Internal Server Error).",""
"10/4/2025 11:29:55 AM","8bae893b-5b66-419a-b8b7-14d684d1bd7f","Response status code does not indicate success: 500 (Internal Server Error).",""
"10/4/2025 11:31:05 AM","157911ff-f82e-4037-a7de-b61fdc64b133","No connection could be made because the target machine actively refused it. (localhost:7259)","No connection could be made because the target machine actively refused it."
"10/4/2025 11:31:52 AM","a0f61ac5-c99d-4b4e-920f-fe2545a54975","No connection could be made because the target machine actively refused it. (localhost:7259)","No connection could be made because the target machine actively refused it."
"10/4/2025 11:32:42 AM","06e03712-ced4-42d1-9d08-a32c9d4031e3","Response status code does not indicate success: 500 (Internal Server Error).",""
"10/4/2025 11:33:31 AM","c7f5c6c5-f34e-4554-8c5f-e8b9e4f5c5fa","Response status code does not indicate success: 500 (Internal Server Error).",""
"10/4/2025 11:35:31 AM","da70f71a-300f-4288-81c6-f06320ff921f","Response status code does not indicate success: 500 (Internal Server Error).",""
"10/4/2025 11:40:42 AM","ca976169-a24d-4127-a2d5-52985916e0de","An error occurred while sending the request.","Unable to read data from the transport connection: An existing connection was forcibly closed by the remote host.."
"10/4/2025 11:43:23 AM","20208030-98ff-4099-8d9a-476228bab625","An error occurred while sending the request.","Unable to read data from the transport connection: An existing connection was forcibly closed by the remote host.."
"10/4/2025 11:56:50 AM","6ccd416b-ad7e-4d44-8fb1-4526cb1394d9","The request was canceled due to the configured HttpClient.Timeout of 100 seconds elapsing.","The operation was canceled."
"10/4/2025 12:12:08 PM","c2d9da6e-e153-4ae4-848b-c5a36a6d0506","The request was canceled due to the configured HttpClient.Timeout of 100 seconds elapsing.","The operation was canceled."
"10/4/2025 12:13:49 PM","43ba0b12-a782-4c1c-98f7-a567427155f4","An invalid request URI was provided. Either the request URI must be an absolute URI or BaseAddress must be set.",""
"10/4/2025 12:24:38 PM","614e1c7f-4ee1-48c4-900d-6d409675d68e","Response status code does not indicate success: 500 (Internal Server Error).",""
"10/4/2025 12:27:28 PM","f7b8268d-5117-4b5f-a912-83f368ede23b","Response status code does not indicate success: 500 (Internal Server Error).",""
"10/4/2025 12:30:16 PM","bdc75550-03fa-4a97-84fb-a26cf0b382d3","Response status code does not indicate success: 500 (Internal Server Error).",""
"10/4/2025 12:33:43 PM","d3d0cbf4-cf99-446e-ad88-0fe4e25332f5","Response status code does not indicate success: 500 (Internal Server Error).",""
"10/4/2025 12:47:47 PM","ec495e82-468e-4fd2-afd4-731c92e2acb9","No service for type 'FaysalFundsWrapper.Services.AuthService' has been registered.",""
"10/4/2025 1:38:29 PM","63b7f003-9322-4a3a-97e3-dadf3170571d","No service for type 'FaysalFundsWrapper.Services.AuthService' has been registered.",""
"10/4/2025 1:39:40 PM","6a7e9d1e-d23e-4824-b86e-5b034570d4fd","Response status code does not indicate success: 500 (Internal Server Error).",""
"10/4/2025 1:49:42 PM","cf70a301-5542-46e3-993d-d4a4b804a052","Response status code does not indicate success: 400 (Bad Request).",""
"10/4/2025 1:58:53 PM","4a547bab-0a3f-4fe4-854f-3a4295471c89","Response status code does not indicate success: 400 (Bad Request).",""
"10/4/2025 2:03:44 PM","ea50b817-5bc2-496a-a467-15abe094746c","Response status code does not indicate success: 400 (Bad Request).",""
"10/4/2025 2:28:55 PM","0d4adb4b-756b-481d-848a-016a93451cd0","The JSON value could not be converted to System.Boolean. Path: $.data | LineNumber: 0 | BytePositionInLine: 46.","Cannot get the value of a token type 'StartObject' as a boolean."
"10/4/2025 2:33:46 PM","31b1603e-b54e-474d-9160-1e05d35169a1","The JSON value could not be converted to System.Boolean. Path: $.data | LineNumber: 0 | BytePositionInLine: 46.","Cannot get the value of a token type 'StartObject' as a boolean."
"10/4/2025 3:00:27 PM","8c1e25b7-8c5f-4522-ab4a-4f587572f495","An error occurred while sending the request.","Unable to read data from the transport connection: An existing connection was forcibly closed by the remote host.."
"11/4/2025 12:08:37 PM","04083f53-93fe-4338-b83f-1d49c0323a4e","An error occurred while sending the request.","Unable to read data from the transport connection: An existing connection was forcibly closed by the remote host.."
"11/4/2025 3:23:22 PM","134b7695-a531-46a4-97a8-8c6860acee41","Response status code does not indicate success: 500 (Internal Server Error).",""
"11/4/2025 5:06:57 PM","3b58e958-e406-4c68-a460-35369e85d42e","Response status code does not indicate success: 500 (Internal Server Error).",""
"11/4/2025 5:07:20 PM","7692e1cc-c2f2-4206-977f-e694f1cee3c9","Response status code does not indicate success: 500 (Internal Server Error).",""
"11/4/2025 5:08:40 PM","378a90e4-8cf4-4a48-827e-f269d5fb0c2d","Response status code does not indicate success: 500 (Internal Server Error).",""
"12/4/2025 4:55:38 PM","d17324be-a9ad-4309-b83f-8d8e2bdb5ed0","No connection could be made because the target machine actively refused it. (localhost:7259)","No connection could be made because the target machine actively refused it."
"12/4/2025 5:04:08 PM","81e11df8-7a34-4b5b-8ddc-26a5eebb45bc","No connection could be made because the target machine actively refused it. (localhost:7259)","No connection could be made because the target machine actively refused it."
"12/4/2025 8:15:06 PM","166ba63b-467e-472c-b9b3-2aed4a7638de","No connection could be made because the target machine actively refused it. (localhost:7259)","No connection could be made because the target machine actively refused it."
"12/4/2025 8:16:12 PM","ef1a6624-b51a-4433-83b6-081e19d66f08","No connection could be made because the target machine actively refused it. (localhost:7259)","No connection could be made because the target machine actively refused it."
"14/4/2025 4:29:02 PM","b2afce9b-ae7a-4b76-8d65-c5613dc993e0","Unable to resolve service for type 'FaysalFundsWrapper.Services.RefreshTokenService' while attempting to activate 'FaysalFundsWrapper.Controllers.AuthController'.",""
"14/4/2025 4:31:54 PM","97c000ad-fd50-4921-81c8-a160f9088deb","Login failed or unexpected response format.",""
"14/4/2025 4:33:24 PM","e787e6b2-09a4-42f9-90c1-cf19a3389e9d","Login failed or unexpected response format.",""
"14/4/2025 4:34:33 PM","19efea62-831f-4136-a619-907a9522395e","Login failed or unexpected response format.",""
"14/4/2025 4:38:09 PM","12ab3a23-bf1e-45fb-b04c-a497914be232","The request was canceled due to the configured HttpClient.Timeout of 100 seconds elapsing.","The operation was canceled."
"14/4/2025 4:48:32 PM","7ff29562-c716-4a60-92a2-0648d5ce0f87","Response status code does not indicate success: 500 (Internal Server Error).",""
"14/4/2025 4:53:30 PM","6e6c17d2-fdac-4523-b9f5-2fdcbf06cae8","Response status code does not indicate success: 500 (Internal Server Error).",""
"14/4/2025 4:56:44 PM","bf60d46c-30be-49ca-a200-7f4259bade16","Response status code does not indicate success: 500 (Internal Server Error).",""
"14/4/2025 4:58:25 PM","f5906681-d6bd-46b7-beda-d0436aae9b1d","An error occurred while sending the request.","Unable to read data from the transport connection: An existing connection was forcibly closed by the remote host.."
"14/4/2025 5:01:10 PM","c5ae04bf-ec35-466d-96b7-f8e96dc549c7","The request was canceled due to the configured HttpClient.Timeout of 100 seconds elapsing.","The operation was canceled."
"14/4/2025 5:02:42 PM","f17d3905-5318-430c-a75f-ca090fd6db27","Response status code does not indicate success: 500 (Internal Server Error).",""
"14/4/2025 5:05:02 PM","20505f8e-8b29-45b5-a9d7-4c4f25c50472","Response status code does not indicate success: 500 (Internal Server Error).",""
"14/4/2025 5:09:23 PM","e7c19c47-1f4d-49e7-a310-658b538dcbcf","An error occurred while sending the request.","Unable to read data from the transport connection: An existing connection was forcibly closed by the remote host.."
"14/4/2025 5:12:12 PM","2f4bdebf-df71-4b96-a165-8add14d9cb5f","Response status code does not indicate success: 500 (Internal Server Error).",""
"14/4/2025 5:25:09 PM","02325cef-11d6-41c2-a207-501de3c03b45","An error occurred while sending the request.","Unable to read data from the transport connection: An existing connection was forcibly closed by the remote host.."
"15/4/2025 1:56:30 PM","6c2b1a64-8916-4b7e-bb1c-b4a474452d1a","Response status code does not indicate success: 404 (Not Found).",""
"15/4/2025 2:03:52 PM","1032005a-bf31-4eb0-a510-cb58564f3464","Response status code does not indicate success: 404 (Not Found).",""
"15/4/2025 2:06:15 PM","8263608a-eecd-44c7-880c-c01e8afee474","Response status code does not indicate success: 404 (Not Found).",""
"15/4/2025 2:14:58 PM","68a8f91c-5eb4-4040-a8a5-8e9be45599e2","Response status code does not indicate success: 404 (Not Found).",""
"15/4/2025 2:25:52 PM","33c3c083-8134-4558-84ac-76e8134ddcf9","Response status code does not indicate success: 404 (Not Found).",""
"15/4/2025 2:30:55 PM","d07a2226-2fc4-4fe4-9bd8-85f81015cf39","Response status code does not indicate success: 404 (Not Found).",""
"15/4/2025 2:35:34 PM","656823ee-f858-43bb-8dfe-30a9f75f3adc","Response status code does not indicate success: 404 (Not Found).",""
"15/4/2025 2:40:28 PM","90b54118-c95a-4d50-a7cf-c488bfb6758c","Response status code does not indicate success: 404 (Not Found).",""
"15/4/2025 2:46:32 PM","696096c2-e1f2-48ee-bdd2-7f0f6c154cd5","Response status code does not indicate success: 404 (Not Found).",""
"15/4/2025 2:47:28 PM","ea8fe223-b7e5-4e76-bcbf-2749cc691a12","Response status code does not indicate success: 404 (Not Found).",""
"15/4/2025 3:45:28 PM","4670f612-f79a-44b7-ab75-10a4404413a7","Response status code does not indicate success: 404 (Not Found).",""
"15/4/2025 3:48:15 PM","04f9bbaa-63ee-4a83-b6c2-1399488c4493","Response status code does not indicate success: 404 (Not Found).",""
"15/4/2025 3:48:29 PM","e24e3b06-dbd2-4494-8c9b-9135352e963e","Response status code does not indicate success: 404 (Not Found).",""
"15/4/2025 4:09:40 PM","e00dba41-1f77-4a41-b554-4ea5346588cd","Response status code does not indicate success: 404 (Not Found).",""
"15/4/2025 4:27:11 PM","1025e103-d699-42d1-8c27-36151e754d13","Response status code does not indicate success: 404 (Not Found).",""
"15/4/2025 4:34:16 PM","6272664a-cfcc-45af-bfb2-750ecb5694f9","Response status code does not indicate success: 404 (Not Found).",""
"15/4/2025 4:40:35 PM","25f2d6c1-70a0-4988-84c6-1b34b86c6369","No connection could be made because the target machine actively refused it. (localhost:7259)","No connection could be made because the target machine actively refused it."
"15/4/2025 4:44:08 PM","87dfcc34-fdfa-40cd-89a8-3c80ce2ff008","Response status code does not indicate success: 404 (Not Found).",""
"15/4/2025 4:46:19 PM","07abfcf7-7557-409e-972d-9095b013724c","Response status code does not indicate success: 404 (Not Found).",""
"15/4/2025 4:54:39 PM","7ddeabcd-059e-40db-9041-26667e9cfef2","Response status code does not indicate success: 404 (Not Found).",""
"15/4/2025 4:59:56 PM","1fb9fbf0-21d5-4149-badb-e859593cb5ff","Response status code does not indicate success: 404 (Not Found).",""
"15/4/2025 5:13:56 PM","18fd187a-1fb6-4cd7-bfac-04f878232188","Response status code does not indicate success: 404 (Not Found).",""
"15/4/2025 5:15:37 PM","9e459f7c-2f66-448b-8b48-b1055b981f7f","Response status code does not indicate success: 404 (Not Found).",""
"15/4/2025 5:15:58 PM","9efad396-8456-439f-8a08-f685a5de59b1","Response status code does not indicate success: 404 (Not Found).",""
"15/4/2025 5:34:45 PM","a6fb35c0-b77d-40f1-a3df-2ec86c4e03ad","Unable to resolve service for type 'FaysalFundsWrapper.Services.JWTBlackLisService' while attempting to activate 'FaysalFundsWrapper.Controllers.AuthController'.",""
"15/4/2025 5:37:46 PM","d7431cc5-6e74-4a99-a49f-31cde08235e2","Unable to resolve service for type 'FaysalFundsWrapper.Services.JWTBlackLisService' while attempting to activate 'FaysalFundsWrapper.Controllers.AuthController'.",""
"15/4/2025 5:40:49 PM","9d832b67-3c01-4d17-8812-852d619256d5","Unable to resolve service for type 'FaysalFundsWrapper.Services.JWTBlackLisService' while attempting to activate 'FaysalFundsWrapper.Controllers.AuthController'.",""
"15/4/2025 6:57:09 PM","5ca3ac9c-3dfb-4e30-9219-59a1e0a27da4","An invalid request URI was provided. Either the request URI must be an absolute URI or BaseAddress must be set.",""
"15/4/2025 6:58:42 PM","ef5b7127-a8d8-4234-aeaf-5826b68487ed","An invalid request URI was provided. Either the request URI must be an absolute URI or BaseAddress must be set.",""
"15/4/2025 7:02:09 PM","b210c2be-6961-4974-a248-16e2729cff3b","An invalid request URI was provided. Either the request URI must be an absolute URI or BaseAddress must be set.",""
"15/4/2025 7:10:02 PM","50aab90e-8cf3-4974-bc54-a7022f5ef904","An invalid request URI was provided. Either the request URI must be an absolute URI or BaseAddress must be set.",""
"15/4/2025 7:11:31 PM","0b3ac384-97ff-46fa-afd5-183d4804e5a8","An invalid request URI was provided. Either the request URI must be an absolute URI or BaseAddress must be set.",""
"17/4/2025 4:10:31 PM","1d22c94c-edbf-43f3-a72f-ddbd1ac5ee31","Login failed or unexpected response format.",""
"17/4/2025 4:13:37 PM","27d2535f-04cf-4f31-86a9-9797e4b82334","Login failed or unexpected response format.",""
"17/4/2025 4:15:01 PM","10306477-7736-4660-b22a-f962fa0fb6d8","Login failed or unexpected response format.",""
"17/4/2025 4:19:01 PM","76aa45fc-2d31-4c6a-b60f-b9bf5c94ed0e","The request was canceled due to the configured HttpClient.Timeout of 100 seconds elapsing.","The operation was canceled."
"18/4/2025 11:26:11 AM","1f5525ab-2883-4bc3-b9bb-f20b103f5313","The request was canceled due to the configured HttpClient.Timeout of 100 seconds elapsing.","The operation was canceled."
"18/4/2025 3:19:23 PM","d8f15311-e45b-4e2b-b497-3caa2a574774","Response status code does not indicate success: 404 (Not Found).",""
"18/4/2025 3:23:07 PM","eb810134-4c40-4b7a-ad2b-e7609638c0fe","Response status code does not indicate success: 404 (Not Found).",""
"18/4/2025 3:25:33 PM","053284ec-0439-40f1-a7cd-7366fd056ebf","Login failed or unexpected response format.",""
"18/4/2025 3:29:31 PM","21de4b40-fea0-4427-957b-ab9fb41bce62","Login failed or unexpected response format.",""
"18/4/2025 3:35:49 PM","11af195b-63d2-4409-97d7-54cdcf8bc0af","Login failed or unexpected response format.",""
"18/4/2025 3:37:52 PM","1ad66a55-fa44-4d14-a7b1-47099524f73a","Login failed or unexpected response format.",""
"18/4/2025 4:03:54 PM","09f7d17b-68ec-4747-92e8-3d4cdbc19752","Each parameter in the deserialization constructor on type 'FaysalFundsWrapper.Models.ErrorCodeResponse' must bind to an object property or field on deserialization. Each parameter name must match with a property or field on the object. Fields are only considered when 'JsonSerializerOptions.IncludeFields' is enabled. The match can be case-insensitive.",""
"18/4/2025 4:05:33 PM","251f8817-cfbe-47f8-81fb-31c19dc95b09","Each parameter in the deserialization constructor on type 'FaysalFundsWrapper.Models.ErrorCodeResponse' must bind to an object property or field on deserialization. Each parameter name must match with a property or field on the object. Fields are only considered when 'JsonSerializerOptions.IncludeFields' is enabled. The match can be case-insensitive.",""
"18/4/2025 4:09:53 PM","e8fc3cf9-b22e-42f7-9e6e-df6ab5962986","Each parameter in the deserialization constructor on type 'FaysalFundsWrapper.Models.ErrorCodeResponse' must bind to an object property or field on deserialization. Each parameter name must match with a property or field on the object. Fields are only considered when 'JsonSerializerOptions.IncludeFields' is enabled. The match can be case-insensitive.",""
"30/4/2025 4:15:46 PM","65d02f0f-4a1e-4072-a603-844a22de7d08","Ambiguous HTTP method for action - FaysalFundsWrapper.Controllers.AuthController.GetDropdowns (FaysalFundsWrapper). Actions require an explicit HttpMethod binding for Swagger/OpenAPI 3.0",""
"30/4/2025 4:53:06 PM","a2192293-f5a0-4e20-b861-61a471f09581","The request was canceled due to the configured HttpClient.Timeout of 100 seconds elapsing.","The operation was canceled."
"6/5/2025 7:03:37 PM","ea8cbc28-3798-4379-a850-dd5c37ff5626","A connection attempt failed because the connected party did not properly respond after a period of time, or established connection failed because connected host has failed to respond. (sanbox.faysalfunds.com:8014)","A connection attempt failed because the connected party did not properly respond after a period of time, or established connection failed because connected host has failed to respond."
"6/5/2025 7:06:33 PM","3b0477e6-3a10-4464-960b-aa45d2d8049f","A connection attempt failed because the connected party did not properly respond after a period of time, or established connection failed because connected host has failed to respond. (sanbox.faysalfunds.com:8014)","A connection attempt failed because the connected party did not properly respond after a period of time, or established connection failed because connected host has failed to respond."
"6/5/2025 7:11:20 PM","9ae22943-6c1e-4d42-9e10-135391d8bead","A connection attempt failed because the connected party did not properly respond after a period of time, or established connection failed because connected host has failed to respond. (sanbox.faysalfunds.com:8014)","A connection attempt failed because the connected party did not properly respond after a period of time, or established connection failed because connected host has failed to respond."
"7/5/2025 3:03:14 PM","7c776acc-f8f3-4ce9-96b5-0cc3c4a2e8b9","A connection attempt failed because the connected party did not properly respond after a period of time, or established connection failed because connected host has failed to respond. (sanbox.faysalfunds.com:8014)","A connection attempt failed because the connected party did not properly respond after a period of time, or established connection failed because connected host has failed to respond."
"7/5/2025 3:05:05 PM","f181b3dc-0a9f-4b97-bf0b-c11ba536053b","A connection attempt failed because the connected party did not properly respond after a period of time, or established connection failed because connected host has failed to respond. (sanbox.faysalfunds.com:8014)","A connection attempt failed because the connected party did not properly respond after a period of time, or established connection failed because connected host has failed to respond."
"9/5/2025 5:17:30 PM","3f58623b-4183-4a42-b77e-249a3567b5a2","A connection attempt failed because the connected party did not properly respond after a period of time, or established connection failed because connected host has failed to respond. (sanbox.faysalfunds.com:8014)","A connection attempt failed because the connected party did not properly respond after a period of time, or established connection failed because connected host has failed to respond."
"20/5/2025 3:31:08 PM","7e127dc3-e7f3-4fb0-87cb-2dc96a511a94","Login failed or unexpected response format.",""
"20/5/2025 3:57:11 PM","df5a7df6-92d1-44e3-aba1-06a95e5a21bf","The JSON value could not be converted to FaysalFundsWrapper.Models.BlacklistResult. Path: $.data | LineNumber: 0 | BytePositionInLine: 71.",""
"20/5/2025 3:57:52 PM","e88c19ed-f00c-41b7-b947-9daf09346bfa","The JSON value could not be converted to FaysalFundsWrapper.Models.BlacklistResult. Path: $.data | LineNumber: 0 | BytePositionInLine: 71.",""
"20/5/2025 3:59:36 PM","698c93e3-6cca-423f-ac24-6d81657e8541","The JSON value could not be converted to FaysalFundsWrapper.Models.BlacklistResult. Path: $.data | LineNumber: 0 | BytePositionInLine: 71.",""
"20/5/2025 4:01:18 PM","87a7df6e-ae34-4eb4-88c2-0626ea2e93e6","The JSON value could not be converted to FaysalFundsWrapper.Models.BlacklistResult. Path: $.data | LineNumber: 0 | BytePositionInLine: 71.",""
"20/5/2025 4:05:59 PM","9c385225-0c2d-4125-868b-f2c07af6060a","The JSON value could not be converted to FaysalFundsWrapper.Models.BlacklistResult. Path: $.data | LineNumber: 0 | BytePositionInLine: 71.",""
"20/5/2025 4:08:34 PM","7255be43-adee-4e2e-929e-a4d8a55a760c","The JSON value could not be converted to FaysalFundsWrapper.Models.BlacklistResult. Path: $.data | LineNumber: 0 | BytePositionInLine: 71.",""
"20/5/2025 4:09:53 PM","4fc930e1-46ee-4312-880f-fa73d84fdafa","The JSON value could not be converted to FaysalFundsWrapper.Models.BlacklistResult. Path: $.data | LineNumber: 0 | BytePositionInLine: 71.",""
"20/5/2025 4:50:11 PM","22e509aa-6763-4c6c-95f5-e2fd909e278a","No connection could be made because the target machine actively refused it. (localhost:7260)","No connection could be made because the target machine actively refused it."
"26/5/2025 5:34:44 PM","99963973-b582-4418-a823-e8a7241f2d48","The input does not contain any JSON tokens. Expected the input to start with a valid JSON token, when isFinalBlock is true. Path: $ | LineNumber: 0 | BytePositionInLine: 0.","The input does not contain any JSON tokens. Expected the input to start with a valid JSON token, when isFinalBlock is true. LineNumber: 0 | BytePositionInLine: 0."
"26/5/2025 5:34:57 PM","9e1be0a6-f150-4ce6-ba23-b5f9c106c866","The input does not contain any JSON tokens. Expected the input to start with a valid JSON token, when isFinalBlock is true. Path: $ | LineNumber: 0 | BytePositionInLine: 0.","The input does not contain any JSON tokens. Expected the input to start with a valid JSON token, when isFinalBlock is true. LineNumber: 0 | BytePositionInLine: 0."
"26/5/2025 5:35:21 PM","f603e669-9d0e-407f-8828-2e2c4f50d503","The input does not contain any JSON tokens. Expected the input to start with a valid JSON token, when isFinalBlock is true. Path: $ | LineNumber: 0 | BytePositionInLine: 0.","The input does not contain any JSON tokens. Expected the input to start with a valid JSON token, when isFinalBlock is true. LineNumber: 0 | BytePositionInLine: 0."
"26/5/2025 5:39:32 PM","91e1aee6-be7d-4813-bfe6-d68cd8bd9f25","The input does not contain any JSON tokens. Expected the input to start with a valid JSON token, when isFinalBlock is true. Path: $ | LineNumber: 0 | BytePositionInLine: 0.","The input does not contain any JSON tokens. Expected the input to start with a valid JSON token, when isFinalBlock is true. LineNumber: 0 | BytePositionInLine: 0."
"26/5/2025 5:42:39 PM","314b5e03-6d40-49c5-8613-9f3ea1fcbfa1","The input does not contain any JSON tokens. Expected the input to start with a valid JSON token, when isFinalBlock is true. Path: $ | LineNumber: 0 | BytePositionInLine: 0.","The input does not contain any JSON tokens. Expected the input to start with a valid JSON token, when isFinalBlock is true. LineNumber: 0 | BytePositionInLine: 0."
"26/5/2025 5:43:37 PM","1c39ee92-7dd1-4f91-bb7b-9723753dfb30","The input does not contain any JSON tokens. Expected the input to start with a valid JSON token, when isFinalBlock is true. Path: $ | LineNumber: 0 | BytePositionInLine: 0.","The input does not contain any JSON tokens. Expected the input to start with a valid JSON token, when isFinalBlock is true. LineNumber: 0 | BytePositionInLine: 0."
"26/5/2025 5:44:28 PM","53eba68f-78a6-471d-a396-0f555527dcea","The input does not contain any JSON tokens. Expected the input to start with a valid JSON token, when isFinalBlock is true. Path: $ | LineNumber: 0 | BytePositionInLine: 0.","The input does not contain any JSON tokens. Expected the input to start with a valid JSON token, when isFinalBlock is true. LineNumber: 0 | BytePositionInLine: 0."
"26/5/2025 5:46:35 PM","16b8ecea-7a38-4516-9914-6e9ef7789c68","The input does not contain any JSON tokens. Expected the input to start with a valid JSON token, when isFinalBlock is true. Path: $ | LineNumber: 0 | BytePositionInLine: 0.","The input does not contain any JSON tokens. Expected the input to start with a valid JSON token, when isFinalBlock is true. LineNumber: 0 | BytePositionInLine: 0."
"27/5/2025 2:26:40 PM","d67c4606-0fe9-425d-b8a9-106c3b7f6021","The request was canceled due to the configured HttpClient.Timeout of 100 seconds elapsing.","The operation was canceled."
"27/5/2025 2:37:06 PM","fa8dbf4c-d333-43d9-b2cc-3b0800cfc533","The request was canceled due to the configured HttpClient.Timeout of 100 seconds elapsing.","The operation was canceled."
"30/5/2025 3:08:34 PM","f838c77b-65c2-4a84-a45c-8ca23a346f51","The request was canceled due to the configured HttpClient.Timeout of 100 seconds elapsing.","The operation was canceled."
"30/5/2025 6:32:39 PM","53dec8e4-d22e-4a34-90f9-563ffbea7b21","The request was canceled due to the configured HttpClient.Timeout of 100 seconds elapsing.","The operation was canceled."
"2/6/2025 1:00:57 PM","dab43774-c81c-46f7-b521-2082b8156cd0","The request was canceled due to the configured HttpClient.Timeout of 100 seconds elapsing.","The operation was canceled."
"2/6/2025 1:13:55 PM","0c47a423-a722-478e-a241-9fb69458c176","The request was canceled due to the configured HttpClient.Timeout of 100 seconds elapsing.","The operation was canceled."
"2/6/2025 1:26:35 PM","a5ba636d-1902-4b7a-80b4-8677b9938eee","The request was canceled due to the configured HttpClient.Timeout of 100 seconds elapsing.","The operation was canceled."
"2/6/2025 1:34:06 PM","68bc7bd0-99d3-4e1e-aa9a-19ffe3ad4ed7","The request was canceled due to the configured HttpClient.Timeout of 100 seconds elapsing.","The operation was canceled."
"2/6/2025 6:40:08 PM","bfcb4f9e-2e94-43fd-ac3d-8d5e8b86d847","A connection attempt failed because the connected party did not properly respond after a period of time, or established connection failed because connected host has failed to respond. (sanbox.faysalfunds.com:8014)","A connection attempt failed because the connected party did not properly respond after a period of time, or established connection failed because connected host has failed to respond."
"2/6/2025 7:02:36 PM","77e6ecc4-1450-4193-80a9-02b11c517026","A connection attempt failed because the connected party did not properly respond after a period of time, or established connection failed because connected host has failed to respond. (sanbox.faysalfunds.com:8014)","A connection attempt failed because the connected party did not properly respond after a period of time, or established connection failed because connected host has failed to respond."
"5/6/2025 11:30:33 AM","372b67c8-0291-4187-9501-1a6399e44a61","Login failed or unexpected response format.",""
"5/6/2025 11:31:54 AM","b9b9c777-261b-4d94-bdb6-d56fd3527849","Login failed or unexpected response format.",""
"5/6/2025 11:56:54 AM","39bf50a8-99e7-4c08-bd3d-4dc583d8d5dd","The request was canceled due to the configured HttpClient.Timeout of 100 seconds elapsing.","The operation was canceled."
"5/6/2025 2:28:48 PM","9e4d8398-4f19-4cfc-9056-bd1e3a857f71","No connection could be made because the target machine actively refused it. (localhost:7260)","No connection could be made because the target machine actively refused it."
"5/6/2025 2:29:11 PM","8d1b39f7-ce8f-409f-8fef-8727542338ad","No connection could be made because the target machine actively refused it. (localhost:7260)","No connection could be made because the target machine actively refused it."
"5/6/2025 3:03:26 PM","744fdabf-14a5-496f-b61f-a3d207441731","The request was canceled due to the configured HttpClient.Timeout of 100 seconds elapsing.","The operation was canceled."
"5/6/2025 6:15:32 PM","1ddc9276-5db2-400a-8d43-ce71132fceba","No connection could be made because the target machine actively refused it. (localhost:7260)","No connection could be made because the target machine actively refused it."
"5/6/2025 6:16:54 PM","0a4d1a1f-e5be-4d5b-8d99-9a7d056ffcac","No connection could be made because the target machine actively refused it. (localhost:7260)","No connection could be made because the target machine actively refused it."
"5/6/2025 7:46:41 PM","68999631-04e4-4cce-a8e7-aa8e1c75ab9d","No connection could be made because the target machine actively refused it. (localhost:7260)","No connection could be made because the target machine actively refused it."
"5/6/2025 8:17:22 PM","6e4d7e45-be89-4fb4-ab43-97e9ea551dc5","No connection could be made because the target machine actively refused it. (localhost:7260)","No connection could be made because the target machine actively refused it."
"5/6/2025 8:17:35 PM","2fa186da-c24b-43fc-b1f2-ddb01400125d","No connection could be made because the target machine actively refused it. (localhost:7260)","No connection could be made because the target machine actively refused it."
"5/6/2025 9:03:12 PM","bac8810f-798b-49ec-b5cd-2d35aa7b6340","No connection could be made because the target machine actively refused it. (localhost:7260)","No connection could be made because the target machine actively refused it."
"5/6/2025 9:04:44 PM","cf3a3a7e-4e28-493b-a72d-d7249d6251a1","No connection could be made because the target machine actively refused it. (localhost:7260)","No connection could be made because the target machine actively refused it."
"5/6/2025 9:04:58 PM","3ab94208-a52c-420d-bd35-1f77033fa02b","No connection could be made because the target machine actively refused it. (localhost:7260)","No connection could be made because the target machine actively refused it."
"5/6/2025 9:05:26 PM","fb795470-fe8a-4653-9ac8-ff529d660d23","No connection could be made because the target machine actively refused it. (localhost:7260)","No connection could be made because the target machine actively refused it."
"6/6/2025 11:22:34 AM","0126fe19-86b8-4f79-9878-6337e8870cc2","No connection could be made because the target machine actively refused it. (localhost:7260)","No connection could be made because the target machine actively refused it."
"7/6/2025 5:12:58 PM","424e9d17-514f-4aba-94bd-030789fdbab8","The request was canceled due to the configured HttpClient.Timeout of 100 seconds elapsing.","The operation was canceled."
"7/6/2025 5:59:13 PM","49aae4c2-2bbe-4158-b41e-dac8b8a74050","No connection could be made because the target machine actively refused it. (localhost:7260)","No connection could be made because the target machine actively refused it."
"7/6/2025 6:03:37 PM","36e838e4-0ba9-434d-8175-2e8980c7e2c5","No connection could be made because the target machine actively refused it. (localhost:7260)","No connection could be made because the target machine actively refused it."
"7/6/2025 6:26:31 PM","5fff01ba-04f7-4096-86eb-cf23795bf238","No connection could be made because the target machine actively refused it. (localhost:7260)","No connection could be made because the target machine actively refused it."
"7/6/2025 8:31:56 PM","02d2267f-c646-4e41-9e7a-e8f0a7d4f670","No connection could be made because the target machine actively refused it. (localhost:7260)","No connection could be made because the target machine actively refused it."
"7/6/2025 8:43:30 PM","7c281c6a-9e53-435e-a1ca-6bc0d9f2ac82","No connection could be made because the target machine actively refused it. (localhost:7260)","No connection could be made because the target machine actively refused it."
"7/6/2025 9:45:46 PM","9315d938-446f-4630-afce-dc801e6eb46e","The JSON value could not be converted to System.Boolean. Path: $.status | LineNumber: 0 | BytePositionInLine: 123.","Cannot get the value of a token type 'Number' as a boolean."
"7/6/2025 9:46:09 PM","7ff0a6db-15fa-43ad-809c-2b837205afb3","The JSON value could not be converted to System.Boolean. Path: $.status | LineNumber: 0 | BytePositionInLine: 123.","Cannot get the value of a token type 'Number' as a boolean."
"7/6/2025 9:46:18 PM","ee0d6cad-c4d5-4eab-8879-f81edf7bd750","The JSON value could not be converted to System.Boolean. Path: $.status | LineNumber: 0 | BytePositionInLine: 123.","Cannot get the value of a token type 'Number' as a boolean."
"7/6/2025 9:47:58 PM","27cd44ef-2fd5-491c-9358-25965b72c2ef","The JSON value could not be converted to System.Boolean. Path: $.status | LineNumber: 0 | BytePositionInLine: 123.","Cannot get the value of a token type 'Number' as a boolean."
"8/6/2025 1:09:07 PM","1a3722e1-4e43-4c7a-b47d-0a2e82fd5b55","The request was canceled due to the configured HttpClient.Timeout of 100 seconds elapsing.","The operation was canceled."
"8/6/2025 1:13:53 PM","440822cd-66b0-47a2-8349-62cb8024140d","The request was canceled due to the configured HttpClient.Timeout of 100 seconds elapsing.","The operation was canceled."
"8/6/2025 1:45:21 PM","2d6f19b8-f95a-4eef-a8bc-75519c2cd336","The request was canceled due to the configured HttpClient.Timeout of 100 seconds elapsing.","The operation was canceled."
"8/6/2025 2:06:39 PM","8f3d917d-fb5e-4849-9e1d-2a0604b036fc","The request was canceled due to the configured HttpClient.Timeout of 100 seconds elapsing.","The operation was canceled."
"8/6/2025 3:38:53 PM","9cb6cb67-3701-435d-8121-488593f03e08","The request was canceled due to the configured HttpClient.Timeout of 100 seconds elapsing.","The operation was canceled."
"8/6/2025 6:26:18 PM","259609c5-6362-465f-b2b1-8bc3512d449d","No connection could be made because the target machine actively refused it. (localhost:7260)","No connection could be made because the target machine actively refused it."
"8/6/2025 6:26:30 PM","60f6da5b-cb4a-4cfc-b8b2-4a6a13f7e5f3","No connection could be made because the target machine actively refused it. (localhost:7260)","No connection could be made because the target machine actively refused it."
"10/6/2025 1:41:48 PM","c0d4e6fb-7c0f-4e13-9527-49bb034ae053","No connection could be made because the target machine actively refused it. (localhost:7260)","No connection could be made because the target machine actively refused it."
"12/6/2025 1:32:10 PM","b3dbdd3b-91a4-49ed-b96b-2f80ae506d2d","The JSON value could not be converted to System.Nullable`1[System.DateTime]. Path: $.data.cniC_IssueDate | LineNumber: 0 | BytePositionInLine: 208.","The JSON value is not in a supported DateTime format."
"12/6/2025 1:32:47 PM","a4ba704a-07c9-4704-97f0-74b244e9e18d","The JSON value could not be converted to System.Nullable`1[System.DateTime]. Path: $.data.cniC_IssueDate | LineNumber: 0 | BytePositionInLine: 208.","The JSON value is not in a supported DateTime format."
"12/6/2025 1:35:52 PM","f4180f4c-4320-4f06-8592-1780a0aa7104","The JSON value could not be converted to System.String. Path: $.data.isCnicExpiryLifetime | LineNumber: 0 | BytePositionInLine: 264.","Cannot get the value of a token type 'Number' as a string."
"13/6/2025 6:55:43 AM","b6629453-1e63-425f-90c6-f40e68950c91","The JSON value could not be converted to System.Boolean. Path: $.status | LineNumber: 0 | BytePositionInLine: 123.","Cannot get the value of a token type 'Number' as a boolean."
"13/6/2025 7:01:59 AM","961c89af-211c-4d9e-9791-89349503ab77","The JSON value could not be converted to System.Boolean. Path: $.status | LineNumber: 0 | BytePositionInLine: 123.","Cannot get the value of a token type 'Number' as a boolean."
"13/6/2025 10:54:17 AM","2dbd6910-796e-4844-9b60-0e8a02dcc488","The request was canceled due to the configured HttpClient.Timeout of 100 seconds elapsing.","The operation was canceled."
"13/6/2025 3:43:33 PM","39509c86-39f8-4664-be41-4dde2f8de6d5","A connection attempt failed because the connected party did not properly respond after a period of time, or established connection failed because connected host has failed to respond. (sanbox.faysalfunds.com:8014)","A connection attempt failed because the connected party did not properly respond after a period of time, or established connection failed because connected host has failed to respond."
"13/6/2025 3:44:37 PM","9e65b7ec-0bc9-4c9f-8f19-c7a5c2832f73","A connection attempt failed because the connected party did not properly respond after a period of time, or established connection failed because connected host has failed to respond. (sanbox.faysalfunds.com:8014)","A connection attempt failed because the connected party did not properly respond after a period of time, or established connection failed because connected host has failed to respond."
"17/6/2025 11:35:11 AM","b765e390-9be0-4a1e-badb-b942b575e7dd","The JSON value could not be converted to FaysalFundsWrapper.Models.ApiResponseWithData`1[System.Collections.Generic.List`1[FaysalFundsWrapper.Models.QuickAccesModel]]. Path: $ | LineNumber: 0 | BytePositionInLine: 1.",""
"17/6/2025 11:35:57 AM","ee9e4864-2579-4d7c-80d4-89cc8113603c","The JSON value could not be converted to FaysalFundsWrapper.Models.ApiResponseWithData`1[System.Collections.Generic.List`1[FaysalFundsWrapper.Models.QuickAccesModel]]. Path: $ | LineNumber: 0 | BytePositionInLine: 1.",""
"17/6/2025 11:47:13 AM","1cd8c8af-250b-4c6f-8c01-f30e2000415e","An error occurred while sending the request.","Unable to read data from the transport connection: An existing connection was forcibly closed by the remote host.."
"18/6/2025 5:14:37 PM","2bf44e01-8b03-4357-80bf-9e36049e61ff","No connection could be made because the target machine actively refused it. (localhost:7260)","No connection could be made because the target machine actively refused it."
"19/6/2025 5:20:29 PM","a9561013-37af-4535-8843-0f87942d4ba5","No connection could be made because the target machine actively refused it. (localhost:7260)","No connection could be made because the target machine actively refused it."
"19/6/2025 6:27:41 PM","e7a57465-34a2-415e-9835-e7945f1ad7d3","The request was canceled due to the configured HttpClient.Timeout of 100 seconds elapsing.","The operation was canceled."
"19/6/2025 6:30:13 PM","4b7e33d3-6963-4b99-bc18-7a73316d3360","The request was canceled due to the configured HttpClient.Timeout of 100 seconds elapsing.","The operation was canceled."
"19/6/2025 6:30:59 PM","d725edbf-8d64-479f-ab62-95e9d656e58a","The request was canceled due to the configured HttpClient.Timeout of 100 seconds elapsing.","The operation was canceled."
"20/6/2025 2:46:54 PM","fd6aa626-edff-4ae3-8610-f317afd7fd6f","The request was canceled due to the configured HttpClient.Timeout of 100 seconds elapsing.","The operation was canceled."
"20/6/2025 2:57:36 PM","d84f7bbd-c7e5-423f-8c1e-0629bbec7f83","The request was canceled due to the configured HttpClient.Timeout of 100 seconds elapsing.","The operation was canceled."
"23/6/2025 1:08:31 PM","cd2de260-8c95-4673-ae0a-47554e8a3f75","IDX12741: JWT must have three segments (JWS) or five segments (JWE).",""
"23/6/2025 1:11:46 PM","1dda032a-5f19-43ae-a9bb-b499f2d9cde8","IDX12741: JWT must have three segments (JWS) or five segments (JWE).",""
"23/6/2025 1:13:50 PM","bd153cf3-c808-4090-8827-3b8b91a78142","IDX12741: JWT must have three segments (JWS) or five segments (JWE).",""
"23/6/2025 1:38:49 PM","5e1fa0ca-7353-4a71-a4f3-d4df45b84688","An error occurred while sending the request.","Unable to read data from the transport connection: An existing connection was forcibly closed by the remote host.."
"23/6/2025 4:40:40 PM","b69b044c-4340-4c78-bbce-71125968e6ed","IDX10223: Lifetime validation failed. The token is expired. ValidTo (UTC): '6/23/2025 11:22:29 AM', Current time (UTC): '6/23/2025 11:40:39 AM'.",""
"23/6/2025 4:40:55 PM","fc43cf83-47f6-43da-9163-10f8d1a8d5e9","IDX10223: Lifetime validation failed. The token is expired. ValidTo (UTC): '6/23/2025 11:22:29 AM', Current time (UTC): '6/23/2025 11:40:55 AM'.",""
"23/6/2025 7:38:33 PM","3e01c2dd-6b18-4bd0-8155-74d27477eee9","An error occurred while sending the request.","Unable to read data from the transport connection: An existing connection was forcibly closed by the remote host.."
"16/7/2025 12:42:23 PM","490cb1dd-cdf7-41bb-bf71-3b2839307eca","A connection attempt failed because the connected party did not properly respond after a period of time, or established connection failed because connected host has failed to respond. (sanbox.faysalfunds.com:8014)","A connection attempt failed because the connected party did not properly respond after a period of time, or established connection failed because connected host has failed to respond."
"16/7/2025 12:43:36 PM","88aa1bd7-9736-4f01-85da-134c994a0181","No connection could be made because the target machine actively refused it. (localhost:7260)","No connection could be made because the target machine actively refused it."
"16/7/2025 12:45:04 PM","6705efdd-2e32-4d7c-84b1-afd4073ca4bc","No connection could be made because the target machine actively refused it. (localhost:7260)","No connection could be made because the target machine actively refused it."
"18/7/2025 5:26:56 PM","e99ac285-c270-4aa2-88e7-00273fd6205c","No connection could be made because the target machine actively refused it. (localhost:7260)","No connection could be made because the target machine actively refused it."
"18/7/2025 5:27:23 PM","a5fe99b2-d974-4012-9c39-045a173bbf6d","No connection could be made because the target machine actively refused it. (localhost:7260)","No connection could be made because the target machine actively refused it."
"18/7/2025 5:27:57 PM","d588ae2c-f707-405f-9e10-5f2a906b92b2","No connection could be made because the target machine actively refused it. (localhost:7260)","No connection could be made because the target machine actively refused it."
"21/7/2025 12:52:37 PM","bfee0a39-3c4c-40e9-ba84-8629a2cc1116","No connection could be made because the target machine actively refused it. (localhost:7260)","No connection could be made because the target machine actively refused it."
"21/7/2025 12:53:04 PM","53bc2330-54de-4054-8e33-578054f087e1","No connection could be made because the target machine actively refused it. (localhost:7260)","No connection could be made because the target machine actively refused it."
"22/7/2025 2:22:43 PM","45440241-b051-4448-90e3-ccc3b92571dc","The JSON value could not be converted to System.Boolean. Path: $.status | LineNumber: 0 | BytePositionInLine: 123.","Cannot get the value of a token type 'Number' as a boolean."
"22/7/2025 2:23:23 PM","eef0511d-bfa1-4542-968e-a672a9a7aa7f","The JSON value could not be converted to System.Boolean. Path: $.status | LineNumber: 0 | BytePositionInLine: 123.","Cannot get the value of a token type 'Number' as a boolean."
"22/7/2025 2:27:01 PM","a8350f0c-e63c-4004-8d35-fbe3b77e8a59","The JSON value could not be converted to System.Boolean. Path: $.status | LineNumber: 0 | BytePositionInLine: 123.","Cannot get the value of a token type 'Number' as a boolean."
"22/7/2025 4:05:33 PM","d0afb830-053b-477f-aca7-aa66ae770d30","The JSON value could not be converted to System.Boolean. Path: $.status | LineNumber: 0 | BytePositionInLine: 123.","Cannot get the value of a token type 'Number' as a boolean."
"23/7/2025 5:07:59 PM","883a2f84-c514-45da-994c-3091c3c39129","A connection attempt failed because the connected party did not properly respond after a period of time, or established connection failed because connected host has failed to respond. (sanbox.faysalfunds.com:8014)","A connection attempt failed because the connected party did not properly respond after a period of time, or established connection failed because connected host has failed to respond."
"23/7/2025 5:08:28 PM","cac4a91c-147a-4fde-9024-302be91c58e0","A connection attempt failed because the connected party did not properly respond after a period of time, or established connection failed because connected host has failed to respond. (sanbox.faysalfunds.com:8014)","A connection attempt failed because the connected party did not properly respond after a period of time, or established connection failed because connected host has failed to respond."
"23/7/2025 5:09:05 PM","83160eb6-21c8-4489-9755-459ca9df01fd","A connection attempt failed because the connected party did not properly respond after a period of time, or established connection failed because connected host has failed to respond. (sanbox.faysalfunds.com:8014)","A connection attempt failed because the connected party did not properly respond after a period of time, or established connection failed because connected host has failed to respond."
"23/7/2025 11:30:35 PM","8ce94417-dc04-47ed-af9f-b49e763ba863","An error occurred while sending the request.","Unable to read data from the transport connection: An existing connection was forcibly closed by the remote host.."
"25/7/2025 11:52:52 AM","96b6a959-7c37-42e8-9e28-ca5063b34d6d","An error occurred while sending the request.","Unable to read data from the transport connection: An existing connection was forcibly closed by the remote host.."
"25/7/2025 12:01:51 PM","3e0d3913-08f7-4cbf-b6f8-6f33a34e5ebb","The JSON value could not be converted to FaysalFundsWrapper.Models.ApiResponseWithData`1[FaysalFundsWrapper.Models.AccountOpening.GetAccountOpeningIdResponseModel]. Path: $ | LineNumber: 0 | BytePositionInLine: 3.",""
"25/7/2025 12:02:27 PM","9b883d7e-91d2-4d39-bef7-24eaf34f127f","The JSON value could not be converted to FaysalFundsWrapper.Models.ApiResponseWithData`1[FaysalFundsWrapper.Models.AccountOpening.GetAccountOpeningIdResponseModel]. Path: $ | LineNumber: 0 | BytePositionInLine: 3.",""
"25/7/2025 12:04:30 PM","7da28bd0-204e-43d2-80d2-92c66280a8d7","The JSON value could not be converted to FaysalFundsWrapper.Models.ApiResponseWithData`1[FaysalFundsWrapper.Models.AccountOpening.GetAccountOpeningIdResponseModel]. Path: $ | LineNumber: 0 | BytePositionInLine: 3.",""
"25/7/2025 12:05:21 PM","c8e9ad04-faae-4dba-b95f-4cff2ba49ffc","The JSON value could not be converted to FaysalFundsWrapper.Models.ApiResponseWithData`1[FaysalFundsWrapper.Models.AccountOpening.GetAccountOpeningIdResponseModel]. Path: $ | LineNumber: 0 | BytePositionInLine: 3.",""
"25/7/2025 12:06:57 PM","5b7ec3e8-3c43-4b7f-9c84-8b9e1336a012","The JSON value could not be converted to FaysalFundsWrapper.Models.ApiResponseWithData`1[FaysalFundsWrapper.Models.AccountOpening.GetAccountOpeningIdResponseModel]. Path: $ | LineNumber: 0 | BytePositionInLine: 3.",""
"25/7/2025 12:07:18 PM","623d69fb-6365-4d51-9fda-d711481dd1bf","The JSON value could not be converted to FaysalFundsWrapper.Models.ApiResponseWithData`1[FaysalFundsWrapper.Models.AccountOpening.GetAccountOpeningIdResponseModel]. Path: $ | LineNumber: 0 | BytePositionInLine: 3.",""
"25/7/2025 12:20:57 PM","04697c1d-2397-48a3-8684-cd18ce62d217","The JSON value could not be converted to FaysalFundsWrapper.Models.AccountOpening.GetAccountOpeningIdResponseModel. Path: $.data | LineNumber: 0 | BytePositionInLine: 96.",""
"25/7/2025 3:03:03 PM","06566235-13ed-4c50-b9b8-1622461343ec","Object reference not set to an instance of an object.",""
"25/7/2025 3:15:54 PM","83bbfe48-06cd-4368-b486-b9a147d830e7","The JSON value could not be converted to System.Boolean. Path: $.status | LineNumber: 0 | BytePositionInLine: 123.","Cannot get the value of a token type 'Number' as a boolean."
"25/7/2025 3:18:03 PM","a62e84c2-c879-43bc-a024-41d6fd4ef272","The JSON value could not be converted to System.Boolean. Path: $.status | LineNumber: 0 | BytePositionInLine: 123.","Cannot get the value of a token type 'Number' as a boolean."
"25/7/2025 3:19:47 PM","89b5a9a1-95b3-4e54-bfb5-3efac243585d","The JSON value could not be converted to System.Boolean. Path: $.status | LineNumber: 0 | BytePositionInLine: 123.","Cannot get the value of a token type 'Number' as a boolean."
"25/7/2025 3:21:07 PM","bc44743b-171a-42ec-a9a4-ba1c72beb680","The JSON value could not be converted to System.Boolean. Path: $.status | LineNumber: 0 | BytePositionInLine: 123.","Cannot get the value of a token type 'Number' as a boolean."
"25/7/2025 3:33:43 PM","cc2635c6-99ce-45c9-8e4e-14457fd93969","The JSON value could not be converted to System.Boolean. Path: $.status | LineNumber: 0 | BytePositionInLine: 123.","Cannot get the value of a token type 'Number' as a boolean."
"25/7/2025 3:34:20 PM","d92036db-733f-4506-a8eb-d52ffe3e1e1d","The JSON value could not be converted to System.Boolean. Path: $.status | LineNumber: 0 | BytePositionInLine: 123.","Cannot get the value of a token type 'Number' as a boolean."
"25/7/2025 3:40:12 PM","e6571010-89f9-4309-a981-e20c8c19eb74","The JSON value could not be converted to System.Boolean. Path: $.status | LineNumber: 0 | BytePositionInLine: 123.","Cannot get the value of a token type 'Number' as a boolean."
"25/7/2025 3:40:38 PM","248771d2-3079-41ea-a457-cc43d87651de","The JSON value could not be converted to System.Boolean. Path: $.status | LineNumber: 0 | BytePositionInLine: 123.","Cannot get the value of a token type 'Number' as a boolean."
"25/7/2025 3:47:34 PM","828a15c9-55a8-4a22-9934-2cc139df0532","The JSON value could not be converted to System.Boolean. Path: $.status | LineNumber: 0 | BytePositionInLine: 123.","Cannot get the value of a token type 'Number' as a boolean."
"25/7/2025 3:50:19 PM","27f30bfd-e405-4fe2-94f7-bc74c3a9010c","The JSON value could not be converted to System.Boolean. Path: $.status | LineNumber: 0 | BytePositionInLine: 123.","Cannot get the value of a token type 'Number' as a boolean."
"25/7/2025 4:07:47 PM","8a271bef-d352-4c58-85f6-8fae8e9eea83","The JSON value could not be converted to System.Boolean. Path: $.status | LineNumber: 0 | BytePositionInLine: 123.","Cannot get the value of a token type 'Number' as a boolean."
"25/7/2025 4:08:53 PM","40f27e1b-17bc-43f2-97d2-6e8654e981cd","The JSON value could not be converted to System.Boolean. Path: $.status | LineNumber: 0 | BytePositionInLine: 123.","Cannot get the value of a token type 'Number' as a boolean."
"25/7/2025 4:10:11 PM","91af1f3a-f8bc-4ef3-9d69-1fd100bf4e25","The JSON value could not be converted to System.Boolean. Path: $.status | LineNumber: 0 | BytePositionInLine: 123.","Cannot get the value of a token type 'Number' as a boolean."
"25/7/2025 4:16:32 PM","d41a93af-9ecc-48e6-a99e-30e2b1e001fa","Validator ""ContactDetailValidation"" contains asynchronous rules but was invoked synchronously. Please call ValidateAsync rather than Validate.",""
"25/7/2025 4:16:39 PM","05dd7db1-fb29-423d-96f3-0dc59f4c7af9","Validator ""ContactDetailValidation"" contains asynchronous rules but was invoked synchronously. Please call ValidateAsync rather than Validate.",""
"25/7/2025 4:26:40 PM","f2fafdd4-ed3b-402c-87d3-f8d50368ec84","The JSON value could not be converted to System.Boolean. Path: $.status | LineNumber: 0 | BytePositionInLine: 123.","Cannot get the value of a token type 'Number' as a boolean."
"27/7/2025 10:42:18 AM","db121733-e838-4c56-9a5a-8a383d77b115","Validator ""ContactDetailValidation"" contains asynchronous rules but was invoked synchronously. Please call ValidateAsync rather than Validate.",""
"27/7/2025 10:45:37 AM","2ebba8eb-c4d4-47d7-b486-6437207cf946","Validator ""ContactDetailValidation"" contains asynchronous rules but was invoked synchronously. Please call ValidateAsync rather than Validate.",""
"27/7/2025 10:56:27 AM","bd5d6898-9537-4612-b10f-6b303337c589","The JSON value could not be converted to System.Boolean. Path: $.status | LineNumber: 0 | BytePositionInLine: 123.","Cannot get the value of a token type 'Number' as a boolean."
"27/7/2025 10:57:50 AM","60f2cd53-127c-470d-8549-5087471efd1a","The JSON value could not be converted to System.Boolean. Path: $.status | LineNumber: 0 | BytePositionInLine: 123.","Cannot get the value of a token type 'Number' as a boolean."
"27/7/2025 11:06:35 AM","80ec4096-6553-4773-9f19-d1437eace614","The JSON value could not be converted to System.Boolean. Path: $.status | LineNumber: 0 | BytePositionInLine: 123.","Cannot get the value of a token type 'Number' as a boolean."
"28/7/2025 11:53:53 AM","a0b2cf79-995c-4c4c-9253-2eb003183b50","An error occurred while sending the request.","Unable to read data from the transport connection: An existing connection was forcibly closed by the remote host.."
"28/7/2025 1:06:21 PM","17ba3c73-87bf-4856-8206-721fe6b1b5af","An error occurred while sending the request.","Unable to read data from the transport connection: An existing connection was forcibly closed by the remote host.."
"28/7/2025 1:14:15 PM","8c7d5c1e-b7d6-4068-b9be-77756a740ef7","An error occurred while sending the request.","Unable to read data from the transport connection: An existing connection was forcibly closed by the remote host.."
"28/7/2025 1:30:17 PM","05128b33-fa46-4b30-bb0b-b3b3d8ade30a","The request was canceled due to the configured HttpClient.Timeout of 100 seconds elapsing.","The operation was canceled."
"5/8/2025 9:06:21 PM","a5911995-9b59-4b0b-9c0a-bcb7601f17b5","No connection could be made because the target machine actively refused it. (localhost:7260)","No connection could be made because the target machine actively refused it."
"11/8/2025 2:57:31 PM","2bb1136e-9f76-47e2-92f2-9533986b7d49","No connection could be made because the target machine actively refused it. (localhost:7260)","No connection could be made because the target machine actively refused it."
"11/8/2025 3:00:26 PM","086c6f3e-d559-4f72-ae87-912a5f35213d","The JSON value could not be converted to System.Boolean. Path: $.status | LineNumber: 0 | BytePositionInLine: 123.","Cannot get the value of a token type 'Number' as a boolean."
"11/8/2025 4:53:09 PM","d8fabc14-f56c-475c-b3b6-579b5e06d4c5","The JSON value could not be converted to System.Boolean. Path: $.status | LineNumber: 0 | BytePositionInLine: 123.","Cannot get the value of a token type 'Number' as a boolean."
"11/8/2025 4:55:11 PM","05206384-4a83-44ad-ba7a-2ea3ade7a658","The JSON value could not be converted to System.Boolean. Path: $.status | LineNumber: 0 | BytePositionInLine: 123.","Cannot get the value of a token type 'Number' as a boolean."
"11/8/2025 4:55:38 PM","acf7638d-c406-4223-a049-f188cafdc47d","The JSON value could not be converted to System.Boolean. Path: $.status | LineNumber: 0 | BytePositionInLine: 123.","Cannot get the value of a token type 'Number' as a boolean."
"11/8/2025 4:57:31 PM","55e48cfe-e9a4-4ac0-b145-51028bedb94c","The JSON value could not be converted to System.Boolean. Path: $.status | LineNumber: 0 | BytePositionInLine: 123.","Cannot get the value of a token type 'Number' as a boolean."
"11/8/2025 5:00:22 PM","a4837c45-7394-4788-a6ed-6b8734e926fd","The JSON value could not be converted to System.Boolean. Path: $.status | LineNumber: 0 | BytePositionInLine: 123.","Cannot get the value of a token type 'Number' as a boolean."
"11/8/2025 5:03:28 PM","819fd001-fe06-460e-843e-991e3c7de0f8","No connection could be made because the target machine actively refused it. (localhost:7260)","No connection could be made because the target machine actively refused it."
"11/8/2025 5:04:56 PM","8f5f0013-b134-4127-bc30-b2189b8bd50b","The JSON value could not be converted to System.Boolean. Path: $.status | LineNumber: 0 | BytePositionInLine: 123.","Cannot get the value of a token type 'Number' as a boolean."
"11/8/2025 5:08:15 PM","9794dc2b-fc1a-44bb-90b7-0779f45cb772","The JSON value could not be converted to System.Boolean. Path: $.status | LineNumber: 0 | BytePositionInLine: 123.","Cannot get the value of a token type 'Number' as a boolean."
"11/8/2025 5:11:32 PM","c50710e7-47e1-46d2-a3fc-acf4b3319d5e","The JSON value could not be converted to System.Boolean. Path: $.status | LineNumber: 0 | BytePositionInLine: 123.","Cannot get the value of a token type 'Number' as a boolean."
"11/8/2025 7:33:34 PM","1d89a55d-6ea2-4861-a5ae-c2cc8d2ba0a9","The request was canceled due to the configured HttpClient.Timeout of 100 seconds elapsing.","The operation was canceled."
"12/8/2025 3:39:58 PM","6f07f20c-c2f9-460d-9c63-1d6c6b5ddc0b","The input does not contain any JSON tokens. Expected the input to start with a valid JSON token, when isFinalBlock is true. Path: $ | LineNumber: 0 | BytePositionInLine: 0.","The input does not contain any JSON tokens. Expected the input to start with a valid JSON token, when isFinalBlock is true. LineNumber: 0 | BytePositionInLine: 0."
"12/8/2025 3:46:18 PM","00f0b40d-774d-45bb-a716-71227cb94c90","The input does not contain any JSON tokens. Expected the input to start with a valid JSON token, when isFinalBlock is true. Path: $ | LineNumber: 0 | BytePositionInLine: 0.","The input does not contain any JSON tokens. Expected the input to start with a valid JSON token, when isFinalBlock is true. LineNumber: 0 | BytePositionInLine: 0."
"12/8/2025 3:48:05 PM","26fc317c-3a89-4e93-b2d0-475f6e2e71b9","The input does not contain any JSON tokens. Expected the input to start with a valid JSON token, when isFinalBlock is true. Path: $ | LineNumber: 0 | BytePositionInLine: 0.","The input does not contain any JSON tokens. Expected the input to start with a valid JSON token, when isFinalBlock is true. LineNumber: 0 | BytePositionInLine: 0."
"12/8/2025 5:55:09 PM","ee4bdb81-c1e1-423b-8014-46e76976b843","The JSON value could not be converted to FaysalFundsWrapper.Models.OnBoardingRequestModel. Path: $.data | LineNumber: 0 | BytePositionInLine: 138.",""
"12/8/2025 5:56:44 PM","7dff5ff3-c2c5-48ea-a0df-699ebe22d6d1","The JSON value could not be converted to FaysalFundsWrapper.Models.OnBoardingRequestModel. Path: $.data | LineNumber: 0 | BytePositionInLine: 138.",""
"12/8/2025 5:58:04 PM","dd63b1e0-4e1b-41a5-95db-997f1d8dea7b","The JSON value could not be converted to FaysalFundsWrapper.Models.OnBoardingRequestModel. Path: $.data | LineNumber: 0 | BytePositionInLine: 138.",""
"12/8/2025 6:02:35 PM","d3f30472-c5a7-403c-86c6-48c4d2ae8359","The JSON value could not be converted to FaysalFundsWrapper.Models.OnBoardingRequestModel. Path: $.data | LineNumber: 0 | BytePositionInLine: 138.",""
"22/8/2025 3:39:56 PM","ef59fa10-de32-472e-ad38-d8be4bfa6790","The request was canceled due to the configured HttpClient.Timeout of 100 seconds elapsing.","The operation was canceled."
"22/8/2025 3:43:50 PM","161aa53b-871e-4298-af87-9b87e710855e","The request was canceled due to the configured HttpClient.Timeout of 100 seconds elapsing.","The operation was canceled."
"22/8/2025 3:49:13 PM","b67afa68-d419-4234-ac03-b05f8de12e8e","The request was canceled due to the configured HttpClient.Timeout of 100 seconds elapsing.","The operation was canceled."
"22/8/2025 4:00:27 PM","0e4a68b1-82fb-4ae5-8a0f-46798a842e45","The request was canceled due to the configured HttpClient.Timeout of 100 seconds elapsing.","The operation was canceled."
"22/8/2025 5:29:50 PM","95e323ca-5b4a-483c-9baf-2ae75e3a3c90","No connection could be made because the target machine actively refused it. (localhost:7260)","No connection could be made because the target machine actively refused it."
"22/8/2025 5:32:05 PM","084a4010-0aa5-45aa-aed6-8a38bafa4a09","No connection could be made because the target machine actively refused it. (localhost:7260)","No connection could be made because the target machine actively refused it."
"22/8/2025 5:35:04 PM","3bf9802d-6b72-459a-8221-ee67df7d6aae","No connection could be made because the target machine actively refused it. (localhost:7260)","No connection could be made because the target machine actively refused it."
"22/8/2025 5:35:36 PM","cb6c9712-5ac3-477d-be37-6856ae7cb8bb","No connection could be made because the target machine actively refused it. (localhost:7260)","No connection could be made because the target machine actively refused it."
"25/8/2025 3:35:20 PM","42867d1e-55fa-46cd-9b70-af5ea82163d4","The request was canceled due to the configured HttpClient.Timeout of 100 seconds elapsing.","The operation was canceled."
"25/8/2025 4:12:12 PM","a4a2aef5-3c4b-42eb-9945-c2ebc02ce6fb","The JSON value could not be converted to System.Boolean. Path: $.status | LineNumber: 0 | BytePositionInLine: 123.","Cannot get the value of a token type 'Number' as a boolean."
"25/8/2025 4:12:21 PM","7d27340b-6a44-43a1-893f-4a575fa45f5e","The JSON value could not be converted to System.Boolean. Path: $.status | LineNumber: 0 | BytePositionInLine: 123.","Cannot get the value of a token type 'Number' as a boolean."
"27/8/2025 8:20:16 PM","752c38fa-a357-4a1a-b2da-f7da069b5a07","The request was canceled due to the configured HttpClient.Timeout of 100 seconds elapsing.","The operation was canceled."
"9/9/2025 5:59:19 PM","52e2df4a-f414-4650-890a-ff3cb52495f8","An error occurred while sending the request.","Unable to read data from the transport connection: An existing connection was forcibly closed by the remote host.."
"29/9/2025 7:07:14 PM","1ff364ac-2970-4a64-94cf-9bc635df02fc","Request failed: UnprocessableEntity, Response: {""status"":false,""errorIcon"":0,""errorHeading"":""Error!"",""code"":422,""message"":""An unexpected error occurred. Please contact support with this Error ID: 1a56ca08-f31a-42c4-bac6-ffd4ffecceb0."",""data"":null}",""
"29/9/2025 7:09:41 PM","7d9ec212-19bf-4e87-abe5-e7e9d885b559","Request failed: UnprocessableEntity, Response: {""status"":false,""errorIcon"":0,""errorHeading"":""Error!"",""code"":422,""message"":""An unexpected error occurred. Please contact support with this Error ID: 214b1a39-799d-4e5f-8997-ddfcdd604ec8."",""data"":null}",""
"29/9/2025 7:24:25 PM","1e061c15-0e2b-42cc-a92c-8c0649f1d881","Request failed: NotFound, Response: ",""
"29/9/2025 7:24:44 PM","b3f5749e-1515-451d-a1dc-8daedbc97550","Request failed: MethodNotAllowed, Response: ",""
"29/9/2025 7:26:36 PM","f89caf4b-80f1-4cca-a730-2a5b33d04625","The JSON value could not be converted to System.Collections.Generic.List`1[FaysalFundsWrapper.Models.Dashboard.InvestmentFundsDTO]. Path: $.data | LineNumber: 0 | BytePositionInLine: 94.",""
"29/9/2025 7:26:56 PM","ad881835-5de6-4d83-98aa-27fb44ac8a4d","The JSON value could not be converted to System.Collections.Generic.List`1[FaysalFundsWrapper.Models.Dashboard.InvestmentFundsDTO]. Path: $.data | LineNumber: 0 | BytePositionInLine: 94.",""
"29/9/2025 7:27:20 PM","08f1fdd9-5ec9-4d95-a98e-0a50f46eacf5","The JSON value could not be converted to System.Collections.Generic.List`1[FaysalFundsWrapper.Models.Dashboard.InvestmentFundsDTO]. Path: $.data | LineNumber: 0 | BytePositionInLine: 94.",""
"29/9/2025 7:28:39 PM","d728eb1c-0a6a-4e51-999e-3d1ec57f70c4","The JSON value could not be converted to System.Collections.Generic.List`1[FaysalFundsWrapper.Models.Dashboard.InvestmentFundsDTO]. Path: $.data | LineNumber: 0 | BytePositionInLine: 94.",""
"29/9/2025 7:31:08 PM","b8e7dd42-1891-4d3a-9ad5-b983a90c1d6b","The JSON value could not be converted to System.Collections.Generic.List`1[FaysalFundsWrapper.Models.Dashboard.InvestmentFundsDTO]. Path: $.data | LineNumber: 0 | BytePositionInLine: 94.",""
"29/9/2025 8:20:36 PM","fa53e507-73c8-45e0-ad6f-64c49d8eddd0","Request failed: NotFound, Response: ",""
"29/9/2025 8:23:32 PM","a8a222a7-47e0-46e9-a463-2ae75b595c88","Request failed: NotFound, Response: ",""
"30/9/2025 12:42:44 PM","c7514275-e0d2-4d79-ba17-d145d912b9cf","No connection could be made because the target machine actively refused it. (localhost:7260)","No connection could be made because the target machine actively refused it."
"30/9/2025 12:45:35 PM","d939b3e7-aeeb-470b-b52d-f725b9f119db","The input does not contain any JSON tokens. Expected the input to start with a valid JSON token, when isFinalBlock is true. Path: $ | LineNumber: 0 | BytePositionInLine: 0.","The input does not contain any JSON tokens. Expected the input to start with a valid JSON token, when isFinalBlock is true. LineNumber: 0 | BytePositionInLine: 0."
"30/9/2025 12:46:46 PM","90e95af0-3f26-43a2-ae49-4e6a9a4ed237","The input does not contain any JSON tokens. Expected the input to start with a valid JSON token, when isFinalBlock is true. Path: $ | LineNumber: 0 | BytePositionInLine: 0.","The input does not contain any JSON tokens. Expected the input to start with a valid JSON token, when isFinalBlock is true. LineNumber: 0 | BytePositionInLine: 0."
"30/9/2025 12:53:02 PM","52dfa814-c100-4284-b4b1-df870913013d","Request failed: MethodNotAllowed, Response: ",""
"30/9/2025 12:55:45 PM","95461be0-939d-4a98-9f12-961851e99878","Request failed: MethodNotAllowed, Response: ",""
"30/9/2025 3:27:07 PM","683509e9-bdb7-48c1-9586-cedac28b4fab","Deserialization of interface types is not supported. Type 'FaysalFundsWrapper.Models.Dashboard.ICalculatePayDTO'. Path: $ | LineNumber: 0 | BytePositionInLine: 1.","Deserialization of interface types is not supported. Type 'FaysalFundsWrapper.Models.Dashboard.ICalculatePayDTO'."
"30/9/2025 3:29:14 PM","3b16535b-3c92-4614-965e-f5dbd6c4dc22","Deserialization of interface types is not supported. Type 'FaysalFundsWrapper.Models.Dashboard.ICalculatePayDTO'. Path: $ | LineNumber: 0 | BytePositionInLine: 1.","Deserialization of interface types is not supported. Type 'FaysalFundsWrapper.Models.Dashboard.ICalculatePayDTO'."
"30/9/2025 3:47:43 PM","f6ef1342-da4b-4123-a586-ed8f2347183d","The JSON value could not be converted to System.String. Path: $ | LineNumber: 0 | BytePositionInLine: 1.","Cannot get the value of a token type 'StartObject' as a string."
"30/9/2025 3:57:55 PM","3742d289-792b-482f-81c6-d46feaba83b1","The JSON value could not be converted to System.String. Path: $ | LineNumber: 0 | BytePositionInLine: 1.","Cannot get the value of a token type 'StartObject' as a string."
"30/9/2025 4:01:17 PM","f06820a5-c271-4ada-9fcf-631042bdf010","The input does not contain any JSON tokens. Expected the input to start with a valid JSON token, when isFinalBlock is true. Path: $ | LineNumber: 0 | BytePositionInLine: 0.","The input does not contain any JSON tokens. Expected the input to start with a valid JSON token, when isFinalBlock is true. LineNumber: 0 | BytePositionInLine: 0."
"30/9/2025 4:04:33 PM","c5454bcb-d0c8-4ed7-b127-86bd7c24fb03","Operation is not valid due to the current state of the object.",""
"30/9/2025 4:37:48 PM","fe16bcb8-9275-40c7-80a0-fd221f42f564","Operation is not valid due to the current state of the object.",""
"30/9/2025 4:38:22 PM","bb7aaeb0-f3c7-4f19-9a39-ac6a0ffee501","Operation is not valid due to the current state of the object.",""
"30/9/2025 4:42:13 PM","9b9d63b2-0e01-45c3-8d0a-a972e400c901","Operation is not valid due to the current state of the object.",""
"30/9/2025 4:46:28 PM","12da8785-6d49-4a47-99fd-a0408ed6cd4b","Operation is not valid due to the current state of the object.",""
"30/9/2025 4:48:47 PM","46016499-0a4d-40d1-9178-05fdaa788681","Operation is not valid due to the current state of the object.",""
"30/9/2025 4:50:37 PM","f5177132-1657-4f03-94ac-a020f08f35b8","Operation is not valid due to the current state of the object.",""
"30/9/2025 5:46:33 PM","e6665953-ccb0-49b1-a339-103b1f7c7a7b","The request was canceled due to the configured HttpClient.Timeout of 100 seconds elapsing.","The operation was canceled."
"30/9/2025 6:15:24 PM","b5ca7d0b-642a-414c-a1ba-50c3c796421e","An error occurred while sending the request.","Unable to read data from the transport connection: An existing connection was forcibly closed by the remote host.."
"6/10/2025 7:30:20 PM","8ed5b111-1c7f-40d1-8f0c-a74b781e658c","The request was canceled due to the configured HttpClient.Timeout of 100 seconds elapsing.","The operation was canceled."
"7/10/2025 6:10:46 PM","373fd75d-3c8d-46f3-baea-fd9fd3e72e04","The JSON value could not be converted to System.Collections.Generic.List`1[FaysalFundsWrapper.Models.Dashboard.TransactionFeatureGroupDTO]. Path: $.data | LineNumber: 0 | BytePositionInLine: 94.",""
"7/10/2025 6:10:57 PM","215d8ee9-d53c-4d71-93e6-8b7740d7ed9c","The JSON value could not be converted to System.Collections.Generic.List`1[FaysalFundsWrapper.Models.Dashboard.TransactionFeatureGroupDTO]. Path: $.data | LineNumber: 0 | BytePositionInLine: 94.",""
"7/10/2025 6:11:56 PM","d0ea90e5-8bae-422c-b8bd-831bd158e3bf","The JSON value could not be converted to System.Collections.Generic.List`1[FaysalFundsWrapper.Models.Dashboard.TransactionFeatureGroupDTO]. Path: $.data | LineNumber: 0 | BytePositionInLine: 94.",""
"7/10/2025 6:56:39 PM","05f1b422-5ec5-4b5f-8908-7637fb5a86dd","The JSON value could not be converted to System.Collections.Generic.List`1[FaysalFundsWrapper.Models.Dashboard.TransactionFeaturesGroupedDTO]. Path: $.data | LineNumber: 0 | BytePositionInLine: 94.",""
"7/10/2025 7:01:43 PM","42a1aa3f-4f96-4c8c-93d5-53f46c866eec","The JSON value could not be converted to System.Collections.Generic.List`1[FaysalFundsWrapper.Models.Dashboard.TransactionFeaturesGroupedDTO]. Path: $.data | LineNumber: 0 | BytePositionInLine: 94.",""
"7/10/2025 7:05:14 PM","a71a32da-da2c-47c8-a218-4786dcd8fcf7","The JSON value could not be converted to System.Collections.Generic.List`1[FaysalFundsWrapper.Models.Dashboard.TransactionFeaturesGroupedDTO]. Path: $.data | LineNumber: 0 | BytePositionInLine: 94.",""
"7/10/2025 7:09:50 PM","50771fe8-e058-4fdd-a9da-2a68549362f8","The JSON value could not be converted to System.Collections.Generic.List`1[FaysalFundsWrapper.Models.Dashboard.TransactionFeaturesGroupedDTO]. Path: $.data | LineNumber: 0 | BytePositionInLine: 94.",""
"7/10/2025 7:56:39 PM","64671940-8492-4052-ad1f-de0936de57f8","No connection could be made because the target machine actively refused it. (localhost:7260)","No connection could be made because the target machine actively refused it."
"7/10/2025 7:57:06 PM","cc04b343-ec2c-47d0-adf5-4c56037e8572","No connection could be made because the target machine actively refused it. (localhost:7260)","No connection could be made because the target machine actively refused it."
"7/10/2025 8:02:25 PM","b0d82b45-1e06-4c3e-9685-f75cbc2aef8e","Request failed: MethodNotAllowed, Response: ",""
"7/10/2025 8:04:56 PM","4ab61643-07b6-4da2-b759-0fe7ed9b43e6","Request failed: MethodNotAllowed, Response: ",""
"7/10/2025 8:14:41 PM","ae51f278-bc14-49ca-af20-8ca960e83abd","Request failed: MethodNotAllowed, Response: ",""
"7/10/2025 8:20:42 PM","27609890-3d7b-4c59-a48b-de7f558c4f34","Request failed: MethodNotAllowed, Response: ",""
"7/10/2025 8:21:11 PM","3a5d6945-b228-47ac-ba66-050b7b068733","Request failed: MethodNotAllowed, Response: ",""
"7/10/2025 8:23:26 PM","ae206a10-a633-4ddf-b5ec-231563edeb8f","Request failed: MethodNotAllowed, Response: ",""
"7/10/2025 8:24:18 PM","809f7582-8952-4633-86b0-728a27773554","Request failed: MethodNotAllowed, Response: ",""
"7/10/2025 8:25:18 PM","35e28ec8-0384-407a-8ea9-e24ca263954a","Request failed: MethodNotAllowed, Response: ",""
"8/10/2025 5:11:47 PM","a6246fab-6285-4322-a5d8-605d649b61b9","An error occurred while sending the request.","Unable to read data from the transport connection: An existing connection was forcibly closed by the remote host.."
"8/10/2025 5:12:45 PM","bf690c01-2f75-432f-8d5b-38b7217870ba","The JSON value could not be converted to System.Collections.Generic.List`1[FaysalFundsWrapper.Models.Dashboard.InvestmentInstructionsDTO]. Path: $.data | LineNumber: 0 | BytePositionInLine: 94.",""
"8/10/2025 5:13:40 PM","a937924c-714a-4deb-a706-c94087bad560","The JSON value could not be converted to System.Collections.Generic.List`1[FaysalFundsWrapper.Models.Dashboard.InvestmentInstructionsDTO]. Path: $.data | LineNumber: 0 | BytePositionInLine: 94.",""
"8/10/2025 5:59:26 PM","4b36b479-2421-4126-b960-21725ebd701d","No connection could be made because the target machine actively refused it. (localhost:7260)","No connection could be made because the target machine actively refused it."
"8/10/2025 7:14:31 PM","992c2652-e526-4e34-bd21-8fd8631d2460","The request was canceled due to the configured HttpClient.Timeout of 100 seconds elapsing.","The operation was canceled."
